n,Z^[,R邲,RȂ,
,|sEesq{ݑgM[ , ,20160407 20160421 20160505 20160519 20160602 20160616 20160630 20160714 20160728 20160811 20160825 20160908 20160922 20161006 20161020 20161103 20161117 20161201 20161215 20161229 20160119 20160202 20160216 20160302 20160316 20160330,20160414 20160428 20160512 20160526 20160609 20160623 20160707 20160721 20160804 20160818 20160901 20160915 20160929 20161013 20161027 20161110 20161124 20161208 20161222 20160112 20160126 20160209 20160223 20160309 20160323
c,|sEesq{ݑgM[ , ,20160407 20160421 20160505 20160519 20160602 20160616 20160630 20160714 20160728 20160811 20160825 20160908 20160922 20161006 20161020 20161103 20161117 20161201 20161215 20161229 20160119 20160202 20160216 20160302 20160316 20160330,20160414 20160428 20160512 20160526 20160609 20160623 20160707 20160721 20160804 20160818 20160901 20160915 20160929 20161013 20161027 20161110 20161124 20161208 20161222 20160112 20160126 20160209 20160223 20160309 20160323
,|sEesq{ݑgM[ , ,20160407 20160421 20160505 20160519 20160602 20160616 20160630 20160714 20160728 20160811 20160825 20160908 20160922 20161006 20161020 20161103 20161117 20161201 20161215 20161229 20160119 20160202 20160216 20160302 20160316 20160330,20160414 20160428 20160512 20160526 20160609 20160623 20160707 20160721 20160804 20160818 20160901 20160915 20160929 20161013 20161027 20161110 20161124 20161208 20161222 20160112 20160126 20160209 20160223 20160309 20160323
cJ,|sEesq{ݑgM[ , ,20160407 20160421 20160505 20160519 20160602 20160616 20160630 20160714 20160728 20160811 20160825 20160908 20160922 20161006 20161020 20161103 20161117 20161201 20161215 20161229 20160119 20160202 20160216 20160302 20160316 20160330,20160414 20160428 20160512 20160526 20160609 20160623 20160707 20160721 20160804 20160818 20160901 20160915 20160929 20161013 20161027 20161110 20161124 20161208 20161222 20160112 20160126 20160209 20160223 20160309 20160323
xc,|sEesq{ݑgM[ , ,20160407 20160421 20160505 20160519 20160602 20160616 20160630 20160714 20160728 20160811 20160825 20160908 20160922 20161006 20161020 20161103 20161117 20161201 20161215 20161229 20160119 20160202 20160216 20160302 20160316 20160330,20160414 20160428 20160512 20160526 20160609 20160623 20160707 20160721 20160804 20160818 20160901 20160915 20160929 20161013 20161027 20161110 20161124 20161208 20161222 20160112 20160126 20160209 20160223 20160309 20160323
xc,|sEesq{ݑgM[ , ,20160407 20160421 20160505 20160519 20160602 20160616 20160630 20160714 20160728 20160811 20160825 20160908 20160922 20161006 20161020 20161103 20161117 20161201 20161215 20161229 20160119 20160202 20160216 20160302 20160316 20160330,20160414 20160428 20160512 20160526 20160609 20160623 20160707 20160721 20160804 20160818 20160901 20160915 20160929 20161013 20161027 20161110 20161124 20161208 20161222 20160112 20160126 20160209 20160223 20160309 20160323
xV,|sEesq{ݑgM[ , ,20160407 20160421 20160505 20160519 20160602 20160616 20160630 20160714 20160728 20160811 20160825 20160908 20160922 20161006 20161020 20161103 20161117 20161201 20161215 20161229 20160119 20160202 20160216 20160302 20160316 20160330,20160414 20160428 20160512 20160526 20160609 20160623 20160707 20160721 20160804 20160818 20160901 20160915 20160929 20161013 20161027 20161110 20161124 20161208 20161222 20160112 20160126 20160209 20160223 20160309 20160323
g,|sEesq{ݑgM[ , ,20160407 20160421 20160505 20160519 20160602 20160616 20160630 20160714 20160728 20160811 20160825 20160908 20160922 20161006 20161020 20161103 20161117 20161201 20161215 20161229 20160119 20160202 20160216 20160302 20160316 20160330,20160414 20160428 20160512 20160526 20160609 20160623 20160707 20160721 20160804 20160818 20160901 20160915 20160929 20161013 20161027 20161110 20161124 20161208 20161222 20160112 20160126 20160209 20160223 20160309 20160323
{O,|sEesq{ݑgM[ , ,20160407 20160421 20160505 20160519 20160602 20160616 20160630 20160714 20160728 20160811 20160825 20160908 20160922 20161006 20161020 20161103 20161117 20161201 20161215 20161229 20160119 20160202 20160216 20160302 20160316 20160330,20160414 20160428 20160512 20160526 20160609 20160623 20160707 20160721 20160804 20160818 20160901 20160915 20160929 20161013 20161027 20161110 20161124 20161208 20161222 20160112 20160126 20160209 20160223 20160309 20160323
ʂ,|sEesq{ݑgM[ , ,20160407 20160421 20160505 20160519 20160602 20160616 20160630 20160714 20160728 20160811 20160825 20160908 20160922 20161006 20161020 20161103 20161117 20161201 20161215 20161229 20160119 20160202 20160216 20160302 20160316 20160330,20160414 20160428 20160512 20160526 20160609 20160623 20160707 20160721 20160804 20160818 20160901 20160915 20160929 20161013 20161027 20161110 20161124 20161208 20161222 20160112 20160126 20160209 20160223 20160309 20160323
{ʂ,|sEesq{ݑgM[ , ,20160407 20160421 20160505 20160519 20160602 20160616 20160630 20160714 20160728 20160811 20160825 20160908 20160922 20161006 20161020 20161103 20161117 20161201 20161215 20161229 20160119 20160202 20160216 20160302 20160316 20160330,20160414 20160428 20160512 20160526 20160609 20160623 20160707 20160721 20160804 20160818 20160901 20160915 20160929 20161013 20161027 20161110 20161124 20161208 20161222 20160112 20160126 20160209 20160223 20160309 20160323
{ʂ艺,|sEesq{ݑgM[ , ,20160407 20160421 20160505 20160519 20160602 20160616 20160630 20160714 20160728 20160811 20160825 20160908 20160922 20161006 20161020 20161103 20161117 20161201 20161215 20161229 20160119 20160202 20160216 20160302 20160316 20160330,20160414 20160428 20160512 20160526 20160609 20160623 20160707 20160721 20160804 20160818 20160901 20160915 20160929 20161013 20161027 20161110 20161124 20161208 20161222 20160112 20160126 20160209 20160223 20160309 20160323
V,|sEesq{ݑgM[ , ,20160407 20160421 20160505 20160519 20160602 20160616 20160630 20160714 20160728 20160811 20160825 20160908 20160922 20161006 20161020 20161103 20161117 20161201 20161215 20161229 20160119 20160202 20160216 20160302 20160316 20160330,20160414 20160428 20160512 20160526 20160609 20160623 20160707 20160721 20160804 20160818 20160901 20160915 20160929 20161013 20161027 20161110 20161124 20161208 20161222 20160112 20160126 20160209 20160223 20160309 20160323
璬,|sEesq{ݑgM[ , ,20160407 20160421 20160505 20160519 20160602 20160616 20160630 20160714 20160728 20160811 20160825 20160908 20160922 20161006 20161020 20161103 20161117 20161201 20161215 20161229 20160119 20160202 20160216 20160302 20160316 20160330,20160414 20160428 20160512 20160526 20160609 20160623 20160707 20160721 20160804 20160818 20160901 20160915 20160929 20161013 20161027 20161110 20161124 20161208 20161222 20160112 20160126 20160209 20160223 20160309 20160323
VoP,|sEesq{ݑgM[ , ,20160407 20160421 20160505 20160519 20160602 20160616 20160630 20160714 20160728 20160811 20160825 20160908 20160922 20161006 20161020 20161103 20161117 20161201 20161215 20161229 20160119 20160202 20160216 20160302 20160316 20160330,20160414 20160428 20160512 20160526 20160609 20160623 20160707 20160721 20160804 20160818 20160901 20160915 20160929 20161013 20161027 20161110 20161124 20161208 20161222 20160112 20160126 20160209 20160223 20160309 20160323
΃u,|sEesq{ݑgM[ , ,20160407 20160421 20160505 20160519 20160602 20160616 20160630 20160714 20160728 20160811 20160825 20160908 20160922 20161006 20161020 20161103 20161117 20161201 20161215 20161229 20160119 20160202 20160216 20160302 20160316 20160330,20160414 20160428 20160512 20160526 20160609 20160623 20160707 20160721 20160804 20160818 20160901 20160915 20160929 20161013 20161027 20161110 20161124 20161208 20161222 20160112 20160126 20160209 20160223 20160309 20160323
,|sEesq{ݑgM[ , ,20160407 20160421 20160505 20160519 20160602 20160616 20160630 20160714 20160728 20160811 20160825 20160908 20160922 20161006 20161020 20161103 20161117 20161201 20161215 20161229 20160119 20160202 20160216 20160302 20160316 20160330,20160414 20160428 20160512 20160526 20160609 20160623 20160707 20160721 20160804 20160818 20160901 20160915 20160929 20161013 20161027 20161110 20161124 20161208 20161222 20160112 20160126 20160209 20160223 20160309 20160323
≺,|sEesq{ݑgM[ , ,20160407 20160421 20160505 20160519 20160602 20160616 20160630 20160714 20160728 20160811 20160825 20160908 20160922 20161006 20161020 20161103 20161117 20161201 20161215 20161229 20160119 20160202 20160216 20160302 20160316 20160330,20160411 20160425 20160509 20160523 20160606 20160620 20160704 20160718 20160801 20160815 20160829 20160912 20160926 20161010 20161024 20161107 20161121 20161205 20161219 20160109 20160123 20160206 20160220 20160306 20160320
O,|sEesq{ݑgM[ , ,20160407 20160421 20160505 20160519 20160602 20160616 20160630 20160714 20160728 20160811 20160825 20160908 20160922 20161006 20161020 20161103 20161117 20161201 20161215 20161229 20160119 20160202 20160216 20160302 20160316 20160330,20160411 20160425 20160509 20160523 20160606 20160620 20160704 20160718 20160801 20160815 20160829 20160912 20160926 20161010 20161024 20161107 20161121 20161205 20161219 20160109 20160123 20160206 20160220 20160306 20160320
Ⓦ,|sEesq{ݑgM[ , ,20160407 20160421 20160505 20160519 20160602 20160616 20160630 20160714 20160728 20160811 20160825 20160908 20160922 20161006 20161020 20161103 20161117 20161201 20161215 20161229 20160119 20160202 20160216 20160302 20160316 20160330,20160411 20160425 20160509 20160523 20160606 20160620 20160704 20160718 20160801 20160815 20160829 20160912 20160926 20161010 20161024 20161107 20161121 20161205 20161219 20160109 20160123 20160206 20160220 20160306 20160320
i,|sEesq{ݑgM[ , ,20160407 20160421 20160505 20160519 20160602 20160616 20160630 20160714 20160728 20160811 20160825 20160908 20160922 20161006 20161020 20161103 20161117 20161201 20161215 20161229 20160119 20160202 20160216 20160302 20160316 20160330,20160411 20160425 20160509 20160523 20160606 20160620 20160704 20160718 20160801 20160815 20160829 20160912 20160926 20161010 20161024 20161107 20161121 20161205 20161219 20160109 20160123 20160206 20160220 20160306 20160320
,|sEesq{ݑgM[ , ,20160407 20160421 20160505 20160519 20160602 20160616 20160630 20160714 20160728 20160811 20160825 20160908 20160922 20161006 20161020 20161103 20161117 20161201 20161215 20161229 20160119 20160202 20160216 20160302 20160316 20160330,20160411 20160425 20160509 20160523 20160606 20160620 20160704 20160718 20160801 20160815 20160829 20160912 20160926 20161010 20161024 20161107 20161121 20161205 20161219 20160109 20160123 20160206 20160220 20160306 20160320
[,|sEesq{ݑgM[ , ,20160407 20160421 20160505 20160519 20160602 20160616 20160630 20160714 20160728 20160811 20160825 20160908 20160922 20161006 20161020 20161103 20161117 20161201 20161215 20161229 20160119 20160202 20160216 20160302 20160316 20160330,20160411 20160425 20160509 20160523 20160606 20160620 20160704 20160718 20160801 20160815 20160829 20160912 20160926 20161010 20161024 20161107 20161121 20161205 20161219 20160109 20160123 20160206 20160220 20160306 20160320
r,|sEesq{ݑgM[ , ,20160407 20160421 20160505 20160519 20160602 20160616 20160630 20160714 20160728 20160811 20160825 20160908 20160922 20161006 20161020 20161103 20161117 20161201 20161215 20161229 20160119 20160202 20160216 20160302 20160316 20160330,20160411 20160425 20160509 20160523 20160606 20160620 20160704 20160718 20160801 20160815 20160829 20160912 20160926 20161010 20161024 20161107 20161121 20161205 20161219 20160109 20160123 20160206 20160220 20160306 20160320
,|sEesq{ݑgM[ , ,20160407 20160421 20160505 20160519 20160602 20160616 20160630 20160714 20160728 20160811 20160825 20160908 20160922 20161006 20161020 20161103 20161117 20161201 20161215 20161229 20160119 20160202 20160216 20160302 20160316 20160330,20160411 20160425 20160509 20160523 20160606 20160620 20160704 20160718 20160801 20160815 20160829 20160912 20160926 20161010 20161024 20161107 20161121 20161205 20161219 20160109 20160123 20160206 20160220 20160306 20160320
,|sEesq{ݑgM[ , ,20160407 20160421 20160505 20160519 20160602 20160616 20160630 20160714 20160728 20160811 20160825 20160908 20160922 20161006 20161020 20161103 20161117 20161201 20161215 20161229 20160119 20160202 20160216 20160302 20160316 20160330,20160411 20160425 20160509 20160523 20160606 20160620 20160704 20160718 20160801 20160815 20160829 20160912 20160926 20161010 20161024 20161107 20161121 20161205 20161219 20160109 20160123 20160206 20160220 20160306 20160320
,|sEesq{ݑgM[ , ,20160407 20160421 20160505 20160519 20160602 20160616 20160630 20160714 20160728 20160811 20160825 20160908 20160922 20161006 20161020 20161103 20161117 20161201 20161215 20161229 20160119 20160202 20160216 20160302 20160316 20160330,20160406 20160420 20160504 20160518 20160601 20160615 20160629 20160713 20160727 20160810 20160824 20160907 20160921 20161005 20161019 20161102 20161116 20161130 20161214 20161228 20160118 20160201 20160215 20160301 20160315 20160329
,|sEesq{ݑgM[ , ,20160407 20160421 20160505 20160519 20160602 20160616 20160630 20160714 20160728 20160811 20160825 20160908 20160922 20161006 20161020 20161103 20161117 20161201 20161215 20161229 20160119 20160202 20160216 20160302 20160316 20160330,20160406 20160420 20160504 20160518 20160601 20160615 20160629 20160713 20160727 20160810 20160824 20160907 20160921 20161005 20161019 20161102 20161116 20161130 20161214 20161228 20160118 20160201 20160215 20160301 20160315 20160329
ו,|sEesq{ݑgM[ , ,20160407 20160421 20160505 20160519 20160602 20160616 20160630 20160714 20160728 20160811 20160825 20160908 20160922 20161006 20161020 20161103 20161117 20161201 20161215 20161229 20160119 20160202 20160216 20160302 20160316 20160330,20160406 20160420 20160504 20160518 20160601 20160615 20160629 20160713 20160727 20160810 20160824 20160907 20160921 20161005 20161019 20161102 20161116 20161130 20161214 20161228 20160118 20160201 20160215 20160301 20160315 20160329
c,|sEesq{ݑgM[ , ,20160407 20160421 20160505 20160519 20160602 20160616 20160630 20160714 20160728 20160811 20160825 20160908 20160922 20161006 20161020 20161103 20161117 20161201 20161215 20161229 20160119 20160202 20160216 20160302 20160316 20160330,20160406 20160420 20160504 20160518 20160601 20160615 20160629 20160713 20160727 20160810 20160824 20160907 20160921 20161005 20161019 20161102 20161116 20161130 20161214 20161228 20160118 20160201 20160215 20160301 20160315 20160329
i,|sEesq{ݑgM[ , ,20160407 20160421 20160505 20160519 20160602 20160616 20160630 20160714 20160728 20160811 20160825 20160908 20160922 20161006 20161020 20161103 20161117 20161201 20161215 20161229 20160119 20160202 20160216 20160302 20160316 20160330,20160406 20160420 20160504 20160518 20160601 20160615 20160629 20160713 20160727 20160810 20160824 20160907 20160921 20161005 20161019 20161102 20161116 20161130 20161214 20161228 20160118 20160201 20160215 20160301 20160315 20160329
,|sEesq{ݑgM[ , ,20160407 20160421 20160505 20160519 20160602 20160616 20160630 20160714 20160728 20160811 20160825 20160908 20160922 20161006 20161020 20161103 20161117 20161201 20161215 20161229 20160119 20160202 20160216 20160302 20160316 20160330,20160406 20160420 20160504 20160518 20160601 20160615 20160629 20160713 20160727 20160810 20160824 20160907 20160921 20161005 20161019 20161102 20161116 20161130 20161214 20161228 20160118 20160201 20160215 20160301 20160315 20160329
X,|sEesq{ݑgM[ , ,20160407 20160421 20160505 20160519 20160602 20160616 20160630 20160714 20160728 20160811 20160825 20160908 20160922 20161006 20161020 20161103 20161117 20161201 20161215 20161229 20160119 20160202 20160216 20160302 20160316 20160330,20160406 20160420 20160504 20160518 20160601 20160615 20160629 20160713 20160727 20160810 20160824 20160907 20160921 20161005 20161019 20161102 20161116 20161130 20161214 20161228 20160118 20160201 20160215 20160301 20160315 20160329
X,|sEesq{ݑgM[ , ,20160407 20160421 20160505 20160519 20160602 20160616 20160630 20160714 20160728 20160811 20160825 20160908 20160922 20161006 20161020 20161103 20161117 20161201 20161215 20161229 20160119 20160202 20160216 20160302 20160316 20160330,20160406 20160420 20160504 20160518 20160601 20160615 20160629 20160713 20160727 20160810 20160824 20160907 20160921 20161005 20161019 20161102 20161116 20161130 20161214 20161228 20160118 20160201 20160215 20160301 20160315 20160329
,|sEesq{ݑgM[ , ,20160407 20160421 20160505 20160519 20160602 20160616 20160630 20160714 20160728 20160811 20160825 20160908 20160922 20161006 20161020 20161103 20161117 20161201 20161215 20161229 20160119 20160202 20160216 20160302 20160316 20160330,20160406 20160420 20160504 20160518 20160601 20160615 20160629 20160713 20160727 20160810 20160824 20160907 20160921 20161005 20161019 20161102 20161116 20161130 20161214 20161228 20160118 20160201 20160215 20160301 20160315 20160329
n,|sEesq{ݑgM[ , ,20160407 20160421 20160505 20160519 20160602 20160616 20160630 20160714 20160728 20160811 20160825 20160908 20160922 20161006 20161020 20161103 20161117 20161201 20161215 20161229 20160119 20160202 20160216 20160302 20160316 20160330,20160406 20160420 20160504 20160518 20160601 20160615 20160629 20160713 20160727 20160810 20160824 20160907 20160921 20161005 20161019 20161102 20161116 20161130 20161214 20161228 20160118 20160201 20160215 20160301 20160315 20160329
in,|sEesq{ݑgM[ , ,20160407 20160421 20160505 20160519 20160602 20160616 20160630 20160714 20160728 20160811 20160825 20160908 20160922 20161006 20161020 20161103 20161117 20161201 20161215 20161229 20160119 20160202 20160216 20160302 20160316 20160330,20160406 20160420 20160504 20160518 20160601 20160615 20160629 20160713 20160727 20160810 20160824 20160907 20160921 20161005 20161019 20161102 20161116 20161130 20161214 20161228 20160118 20160201 20160215 20160301 20160315 20160329
쓇,|sEesq{ݑgM[ , ,20160407 20160421 20160505 20160519 20160602 20160616 20160630 20160714 20160728 20160811 20160825 20160908 20160922 20161006 20161020 20161103 20161117 20161201 20161215 20161229 20160119 20160202 20160216 20160302 20160316 20160330,20160406 20160420 20160504 20160518 20160601 20160615 20160629 20160713 20160727 20160810 20160824 20160907 20160921 20161005 20161019 20161102 20161116 20161130 20161214 20161228 20160118 20160201 20160215 20160301 20160315 20160329
n,|sEesq{ݑgM[ , ,20160407 20160421 20160505 20160519 20160602 20160616 20160630 20160714 20160728 20160811 20160825 20160908 20160922 20161006 20161020 20161103 20161117 20161201 20161215 20161229 20160119 20160202 20160216 20160302 20160316 20160330,20160406 20160420 20160504 20160518 20160601 20160615 20160629 20160713 20160727 20160810 20160824 20160907 20160921 20161005 20161019 20161102 20161116 20161130 20161214 20161228 20160118 20160201 20160215 20160301 20160315 20160329
y,|sEesq{ݑgM[ , ,20160407 20160421 20160505 20160519 20160602 20160616 20160630 20160714 20160728 20160811 20160825 20160908 20160922 20161006 20161020 20161103 20161117 20161201 20161215 20161229 20160119 20160202 20160216 20160302 20160316 20160330,20160406 20160420 20160504 20160518 20160601 20160615 20160629 20160713 20160727 20160810 20160824 20160907 20160921 20161005 20161019 20161102 20161116 20161130 20161214 20161228 20160118 20160201 20160215 20160301 20160315 20160329
ޗǖ,|sEesq{ݑgM[ , ,20160407 20160421 20160505 20160519 20160602 20160616 20160630 20160714 20160728 20160811 20160825 20160908 20160922 20161006 20161020 20161103 20161117 20161201 20161215 20161229 20160119 20160202 20160216 20160302 20160316 20160330,20160406 20160420 20160504 20160518 20160601 20160615 20160629 20160713 20160727 20160810 20160824 20160907 20160921 20161005 20161019 20161102 20161116 20161130 20161214 20161228 20160118 20160201 20160215 20160301 20160315 20160329
O,|sEesq{ݑgM[ , ,20160407 20160421 20160505 20160519 20160602 20160616 20160630 20160714 20160728 20160811 20160825 20160908 20160922 20161006 20161020 20161103 20161117 20161201 20161215 20161229 20160119 20160202 20160216 20160302 20160316 20160330,20160406 20160420 20160504 20160518 20160601 20160615 20160629 20160713 20160727 20160810 20160824 20160907 20160921 20161005 20161019 20161102 20161116 20161130 20161214 20161228 20160118 20160201 20160215 20160301 20160315 20160329
u,|sEesq{ݑgM[ , ,20160407 20160421 20160505 20160519 20160602 20160616 20160630 20160714 20160728 20160811 20160825 20160908 20160922 20161006 20161020 20161103 20161117 20161201 20161215 20161229 20160119 20160202 20160216 20160302 20160316 20160330,20160406 20160420 20160504 20160518 20160601 20160615 20160629 20160713 20160727 20160810 20160824 20160907 20160921 20161005 20161019 20161102 20161116 20161130 20161214 20161228 20160118 20160201 20160215 20160301 20160315 20160329
nٗpi,|sEesq{ݑgM[ , ,20160407 20160421 20160505 20160519 20160602 20160616 20160630 20160714 20160728 20160811 20160825 20160908 20160922 20161006 20161020 20161103 20161117 20161201 20161215 20161229 20160119 20160202 20160216 20160302 20160316 20160330,20160406 20160420 20160504 20160518 20160601 20160615 20160629 20160713 20160727 20160810 20160824 20160907 20160921 20161005 20161019 20161102 20161116 20161130 20161214 20161228 20160118 20160201 20160215 20160301 20160315 20160329
ܒڏ,|sEesq{ݑgM[ , ,20160408 20160422 20160506 20160520 20160603 20160617 20160701 20160715 20160729 20160812 20160826 20160909 20160923 20161007 20161021 20161104 20161118 20161202 20161216 20161230 20160120 20160203 20160217 20160303 20160317 20160331,20160412 20160426 20160510 20160524 20160607 20160621 20160705 20160719 20160802 20160816 20160830 20160913 20160927 20161011 20161025 20161108 20161122 20161206 20161220 20160110 20160124 20160207 20160221 20160307 20160321
ܒډ,|sEesq{ݑgM[ , ,20160408 20160422 20160506 20160520 20160603 20160617 20160701 20160715 20160729 20160812 20160826 20160909 20160923 20161007 20161021 20161104 20161118 20161202 20161216 20161230 20160120 20160203 20160217 20160303 20160317 20160331,20160412 20160426 20160510 20160524 20160607 20160621 20160705 20160719 20160802 20160816 20160830 20160913 20160927 20161011 20161025 20161108 20161122 20161206 20161220 20160110 20160124 20160207 20160221 20160307 20160321
ŏ,|sEesq{ݑgM[ , ,20160408 20160422 20160506 20160520 20160603 20160617 20160701 20160715 20160729 20160812 20160826 20160909 20160923 20161007 20161021 20161104 20161118 20161202 20161216 20161230 20160120 20160203 20160217 20160303 20160317 20160331,20160412 20160426 20160510 20160524 20160607 20160621 20160705 20160719 20160802 20160816 20160830 20160913 20160927 20161011 20161025 20161108 20161122 20161206 20161220 20160110 20160124 20160207 20160221 20160307 20160321
,|sEesq{ݑgM[ , ,20160408 20160422 20160506 20160520 20160603 20160617 20160701 20160715 20160729 20160812 20160826 20160909 20160923 20161007 20161021 20161104 20161118 20161202 20161216 20161230 20160120 20160203 20160217 20160303 20160317 20160331,20160412 20160426 20160510 20160524 20160607 20160621 20160705 20160719 20160802 20160816 20160830 20160913 20160927 20161011 20161025 20161108 20161122 20161206 20161220 20160110 20160124 20160207 20160221 20160307 20160321
{,|sEesq{ݑgM[ , ,20160408 20160422 20160506 20160520 20160603 20160617 20160701 20160715 20160729 20160812 20160826 20160909 20160923 20161007 20161021 20161104 20161118 20161202 20161216 20161230 20160120 20160203 20160217 20160303 20160317 20160331,20160412 20160426 20160510 20160524 20160607 20160621 20160705 20160719 20160802 20160816 20160830 20160913 20160927 20161011 20161025 20161108 20161122 20161206 20161220 20160110 20160124 20160207 20160221 20160307 20160321
,|sEesq{ݑgM[ , ,20160408 20160422 20160506 20160520 20160603 20160617 20160701 20160715 20160729 20160812 20160826 20160909 20160923 20161007 20161021 20161104 20161118 20161202 20161216 20161230 20160120 20160203 20160217 20160303 20160317 20160331,20160412 20160426 20160510 20160524 20160607 20160621 20160705 20160719 20160802 20160816 20160830 20160913 20160927 20161011 20161025 20161108 20161122 20161206 20161220 20160110 20160124 20160207 20160221 20160307 20160321
o,|sEesq{ݑgM[ , ,20160408 20160422 20160506 20160520 20160603 20160617 20160701 20160715 20160729 20160812 20160826 20160909 20160923 20161007 20161021 20161104 20161118 20161202 20161216 20161230 20160120 20160203 20160217 20160303 20160317 20160331,20160412 20160426 20160510 20160524 20160607 20160621 20160705 20160719 20160802 20160816 20160830 20160913 20160927 20161011 20161025 20161108 20161122 20161206 20161220 20160110 20160124 20160207 20160221 20160307 20160321
_,|sEesq{ݑgM[ , ,20160408 20160422 20160506 20160520 20160603 20160617 20160701 20160715 20160729 20160812 20160826 20160909 20160923 20161007 20161021 20161104 20161118 20161202 20161216 20161230 20160120 20160203 20160217 20160303 20160317 20160331,20160412 20160426 20160510 20160524 20160607 20160621 20160705 20160719 20160802 20160816 20160830 20160913 20160927 20161011 20161025 20161108 20161122 20161206 20161220 20160110 20160124 20160207 20160221 20160307 20160321
_,|sEesq{ݑgM[ , ,20160408 20160422 20160506 20160520 20160603 20160617 20160701 20160715 20160729 20160812 20160826 20160909 20160923 20161007 20161021 20161104 20161118 20161202 20161216 20161230 20160120 20160203 20160217 20160303 20160317 20160331,20160412 20160426 20160510 20160524 20160607 20160621 20160705 20160719 20160802 20160816 20160830 20160913 20160927 20161011 20161025 20161108 20161122 20161206 20161220 20160110 20160124 20160207 20160221 20160307 20160321
,|sEesq{ݑgM[ , ,20160408 20160422 20160506 20160520 20160603 20160617 20160701 20160715 20160729 20160812 20160826 20160909 20160923 20161007 20161021 20161104 20161118 20161202 20161216 20161230 20160120 20160203 20160217 20160303 20160317 20160331,20160412 20160426 20160510 20160524 20160607 20160621 20160705 20160719 20160802 20160816 20160830 20160913 20160927 20161011 20161025 20161108 20161122 20161206 20161220 20160110 20160124 20160207 20160221 20160307 20160321
,|sEesq{ݑgM[ , ,20160408 20160422 20160506 20160520 20160603 20160617 20160701 20160715 20160729 20160812 20160826 20160909 20160923 20161007 20161021 20161104 20161118 20161202 20161216 20161230 20160120 20160203 20160217 20160303 20160317 20160331,20160412 20160426 20160510 20160524 20160607 20160621 20160705 20160719 20160802 20160816 20160830 20160913 20160927 20161011 20161025 20161108 20161122 20161206 20161220 20160110 20160124 20160207 20160221 20160307 20160321
qV,|sEesq{ݑgM[ , ,20160408 20160422 20160506 20160520 20160603 20160617 20160701 20160715 20160729 20160812 20160826 20160909 20160923 20161007 20161021 20161104 20161118 20161202 20161216 20161230 20160120 20160203 20160217 20160303 20160317 20160331,20160412 20160426 20160510 20160524 20160607 20160621 20160705 20160719 20160802 20160816 20160830 20160913 20160927 20161011 20161025 20161108 20161122 20161206 20161220 20160110 20160124 20160207 20160221 20160307 20160321
qV,|sEesq{ݑgM[ , ,20160408 20160422 20160506 20160520 20160603 20160617 20160701 20160715 20160729 20160812 20160826 20160909 20160923 20161007 20161021 20161104 20161118 20161202 20161216 20161230 20160120 20160203 20160217 20160303 20160317 20160331,20160412 20160426 20160510 20160524 20160607 20160621 20160705 20160719 20160802 20160816 20160830 20160913 20160927 20161011 20161025 20161108 20161122 20161206 20161220 20160110 20160124 20160207 20160221 20160307 20160321
Vo2,|sEesq{ݑgM[ , ,20160408 20160422 20160506 20160520 20160603 20160617 20160701 20160715 20160729 20160812 20160826 20160909 20160923 20161007 20161021 20161104 20161118 20161202 20161216 20161230 20160120 20160203 20160217 20160303 20160317 20160331,20160401 20160415 20160429 20160513 20160527 20160610 20160624 20160708 20160722 20160805 20160819 20160902 20160916 20160930 20161014 20161028 20161111 20161125 20161209 20161223 20160113 20160127 20160210 20160224 20160310 20160324
{,|sEesq{ݑgM[ , ,20160408 20160422 20160506 20160520 20160603 20160617 20160701 20160715 20160729 20160812 20160826 20160909 20160923 20161007 20161021 20161104 20161118 20161202 20161216 20161230 20160120 20160203 20160217 20160303 20160317 20160331,20160401 20160415 20160429 20160513 20160527 20160610 20160624 20160708 20160722 20160805 20160819 20160902 20160916 20160930 20161014 20161028 20161111 20161125 20161209 20161223 20160113 20160127 20160210 20160224 20160310 20160324
{,|sEesq{ݑgM[ , ,20160408 20160422 20160506 20160520 20160603 20160617 20160701 20160715 20160729 20160812 20160826 20160909 20160923 20161007 20161021 20161104 20161118 20161202 20161216 20161230 20160120 20160203 20160217 20160303 20160317 20160331,20160401 20160415 20160429 20160513 20160527 20160610 20160624 20160708 20160722 20160805 20160819 20160902 20160916 20160930 20161014 20161028 20161111 20161125 20161209 20161223 20160113 20160127 20160210 20160224 20160310 20160324
{cn,|sEesq{ݑgM[ , ,20160408 20160422 20160506 20160520 20160603 20160617 20160701 20160715 20160729 20160812 20160826 20160909 20160923 20161007 20161021 20161104 20161118 20161202 20161216 20161230 20160120 20160203 20160217 20160303 20160317 20160331,20160401 20160415 20160429 20160513 20160527 20160610 20160624 20160708 20160722 20160805 20160819 20160902 20160916 20160930 20161014 20161028 20161111 20161125 20161209 20161223 20160113 20160127 20160210 20160224 20160310 20160324
{,|sEesq{ݑgM[ , ,20160408 20160422 20160506 20160520 20160603 20160617 20160701 20160715 20160729 20160812 20160826 20160909 20160923 20161007 20161021 20161104 20161118 20161202 20161216 20161230 20160120 20160203 20160217 20160303 20160317 20160331,20160401 20160415 20160429 20160513 20160527 20160610 20160624 20160708 20160722 20160805 20160819 20160902 20160916 20160930 20161014 20161028 20161111 20161125 20161209 20161223 20160113 20160127 20160210 20160224 20160310 20160324
ٗpi1,|sEesq{ݑgM[ , ,20160408 20160422 20160506 20160520 20160603 20160617 20160701 20160715 20160729 20160812 20160826 20160909 20160923 20161007 20161021 20161104 20161118 20161202 20161216 20161230 20160120 20160203 20160217 20160303 20160317 20160331,20160401 20160415 20160429 20160513 20160527 20160610 20160624 20160708 20160722 20160805 20160819 20160902 20160916 20160930 20161014 20161028 20161111 20161125 20161209 20161223 20160113 20160127 20160210 20160224 20160310 20160324
ٗpi2,|sEesq{ݑgM[ , ,20160408 20160422 20160506 20160520 20160603 20160617 20160701 20160715 20160729 20160812 20160826 20160909 20160923 20161007 20161021 20161104 20161118 20161202 20161216 20161230 20160120 20160203 20160217 20160303 20160317 20160331,20160401 20160415 20160429 20160513 20160527 20160610 20160624 20160708 20160722 20160805 20160819 20160902 20160916 20160930 20161014 20161028 20161111 20161125 20161209 20161223 20160113 20160127 20160210 20160224 20160310 20160324
t1,|sEesq{ݑgM[ , ,20160408 20160422 20160506 20160520 20160603 20160617 20160701 20160715 20160729 20160812 20160826 20160909 20160923 20161007 20161021 20161104 20161118 20161202 20161216 20161230 20160120 20160203 20160217 20160303 20160317 20160331,20160401 20160415 20160429 20160513 20160527 20160610 20160624 20160708 20160722 20160805 20160819 20160902 20160916 20160930 20161014 20161028 20161111 20161125 20161209 20161223 20160113 20160127 20160210 20160224 20160310 20160324
t2,|sEesq{ݑgM[ , ,20160408 20160422 20160506 20160520 20160603 20160617 20160701 20160715 20160729 20160812 20160826 20160909 20160923 20161007 20161021 20161104 20161118 20161202 20161216 20161230 20160120 20160203 20160217 20160303 20160317 20160331,20160401 20160415 20160429 20160513 20160527 20160610 20160624 20160708 20160722 20160805 20160819 20160902 20160916 20160930 20161014 20161028 20161111 20161125 20161209 20161223 20160113 20160127 20160210 20160224 20160310 20160324
t3,|sEesq{ݑgM[ , ,20160408 20160422 20160506 20160520 20160603 20160617 20160701 20160715 20160729 20160812 20160826 20160909 20160923 20161007 20161021 20161104 20161118 20161202 20161216 20161230 20160120 20160203 20160217 20160303 20160317 20160331,20160401 20160415 20160429 20160513 20160527 20160610 20160624 20160708 20160722 20160805 20160819 20160902 20160916 20160930 20161014 20161028 20161111 20161125 20161209 20161223 20160113 20160127 20160210 20160224 20160310 20160324
,|sEesq{ݑgM[ , ,20160408 20160422 20160506 20160520 20160603 20160617 20160701 20160715 20160729 20160812 20160826 20160909 20160923 20161007 20161021 20161104 20161118 20161202 20161216 20161230 20160120 20160203 20160217 20160303 20160317 20160331,20160401 20160415 20160429 20160513 20160527 20160610 20160624 20160708 20160722 20160805 20160819 20160902 20160916 20160930 20161014 20161028 20161111 20161125 20161209 20161223 20160113 20160127 20160210 20160224 20160310 20160324
cZ,|sEesq{ݑgM[ , ,20160408 20160422 20160506 20160520 20160603 20160617 20160701 20160715 20160729 20160812 20160826 20160909 20160923 20161007 20161021 20161104 20161118 20161202 20161216 20161230 20160120 20160203 20160217 20160303 20160317 20160331,20160401 20160415 20160429 20160513 20160527 20160610 20160624 20160708 20160722 20160805 20160819 20160902 20160916 20160930 20161014 20161028 20161111 20161125 20161209 20161223 20160113 20160127 20160210 20160224 20160310 20160324
̋u,|sEesq{ݑgM[ , ,20160408 20160422 20160506 20160520 20160603 20160617 20160701 20160715 20160729 20160812 20160826 20160909 20160923 20161007 20161021 20161104 20161118 20161202 20161216 20161230 20160120 20160203 20160217 20160303 20160317 20160331,20160401 20160415 20160429 20160513 20160527 20160610 20160624 20160708 20160722 20160805 20160819 20160902 20160916 20160930 20161014 20161028 20161111 20161125 20161209 20161223 20160113 20160127 20160210 20160224 20160310 20160324
u,|sEesq{ݑgM[ , ,20160408 20160422 20160506 20160520 20160603 20160617 20160701 20160715 20160729 20160812 20160826 20160909 20160923 20161007 20161021 20161104 20161118 20161202 20161216 20161230 20160120 20160203 20160217 20160303 20160317 20160331,20160401 20160415 20160429 20160513 20160527 20160610 20160624 20160708 20160722 20160805 20160819 20160902 20160916 20160930 20161014 20161028 20161111 20161125 20161209 20161223 20160113 20160127 20160210 20160224 20160310 20160324
q,|sEesq{ݑgM[ , ,20160408 20160422 20160506 20160520 20160603 20160617 20160701 20160715 20160729 20160812 20160826 20160909 20160923 20161007 20161021 20161104 20161118 20161202 20161216 20161230 20160120 20160203 20160217 20160303 20160317 20160331,20160405 20160419 20160503 20160517 20160531 20160614 20160628 20160712 20160726 20160809 20160823 20160906 20160920 20161004 20161018 20161101 20161115 20161129 20161213 20161227 20160117 20160131 20160214 20160228 20160314 20160328
q,|sEesq{ݑgM[ , ,20160408 20160422 20160506 20160520 20160603 20160617 20160701 20160715 20160729 20160812 20160826 20160909 20160923 20161007 20161021 20161104 20161118 20161202 20161216 20161230 20160120 20160203 20160217 20160303 20160317 20160331,20160405 20160419 20160503 20160517 20160531 20160614 20160628 20160712 20160726 20160809 20160823 20160906 20160920 20161004 20161018 20161101 20161115 20161129 20161213 20161227 20160117 20160131 20160214 20160228 20160314 20160328
Z{,|sEesq{ݑgM[ , ,20160408 20160422 20160506 20160520 20160603 20160617 20160701 20160715 20160729 20160812 20160826 20160909 20160923 20161007 20161021 20161104 20161118 20161202 20161216 20161230 20160120 20160203 20160217 20160303 20160317 20160331,20160405 20160419 20160503 20160517 20160531 20160614 20160628 20160712 20160726 20160809 20160823 20160906 20160920 20161004 20161018 20161101 20161115 20161129 20161213 20161227 20160117 20160131 20160214 20160228 20160314 20160328
Fc,|sEesq{ݑgM[ , ,20160408 20160422 20160506 20160520 20160603 20160617 20160701 20160715 20160729 20160812 20160826 20160909 20160923 20161007 20161021 20161104 20161118 20161202 20161216 20161230 20160120 20160203 20160217 20160303 20160317 20160331,20160405 20160419 20160503 20160517 20160531 20160614 20160628 20160712 20160726 20160809 20160823 20160906 20160920 20161004 20161018 20161101 20161115 20161129 20161213 20161227 20160117 20160131 20160214 20160228 20160314 20160328
yc,|sEesq{ݑgM[ , ,20160408 20160422 20160506 20160520 20160603 20160617 20160701 20160715 20160729 20160812 20160826 20160909 20160923 20161007 20161021 20161104 20161118 20161202 20161216 20161230 20160120 20160203 20160217 20160303 20160317 20160331,20160405 20160419 20160503 20160517 20160531 20160614 20160628 20160712 20160726 20160809 20160823 20160906 20160920 20161004 20161018 20161101 20161115 20161129 20161213 20161227 20160117 20160131 20160214 20160228 20160314 20160328
yc,|sEesq{ݑgM[ , ,20160408 20160422 20160506 20160520 20160603 20160617 20160701 20160715 20160729 20160812 20160826 20160909 20160923 20161007 20161021 20161104 20161118 20161202 20161216 20161230 20160120 20160203 20160217 20160303 20160317 20160331,20160405 20160419 20160503 20160517 20160531 20160614 20160628 20160712 20160726 20160809 20160823 20160906 20160920 20161004 20161018 20161101 20161115 20161129 20161213 20161227 20160117 20160131 20160214 20160228 20160314 20160328
g,|sEesq{ݑgM[ , ,20160408 20160422 20160506 20160520 20160603 20160617 20160701 20160715 20160729 20160812 20160826 20160909 20160923 20161007 20161021 20161104 20161118 20161202 20161216 20161230 20160120 20160203 20160217 20160303 20160317 20160331,20160405 20160419 20160503 20160517 20160531 20160614 20160628 20160712 20160726 20160809 20160823 20160906 20160920 20161004 20161018 20161101 20161115 20161129 20161213 20161227 20160117 20160131 20160214 20160228 20160314 20160328
򐅉,|sEesq{ݑgM[ , ,20160408 20160422 20160506 20160520 20160603 20160617 20160701 20160715 20160729 20160812 20160826 20160909 20160923 20161007 20161021 20161104 20161118 20161202 20161216 20161230 20160120 20160203 20160217 20160303 20160317 20160331,20160405 20160419 20160503 20160517 20160531 20160614 20160628 20160712 20160726 20160809 20160823 20160906 20160920 20161004 20161018 20161101 20161115 20161129 20161213 20161227 20160117 20160131 20160214 20160228 20160314 20160328
ac,|sEesq{ݑgM[ , ,20160408 20160422 20160506 20160520 20160603 20160617 20160701 20160715 20160729 20160812 20160826 20160909 20160923 20161007 20161021 20161104 20161118 20161202 20161216 20161230 20160120 20160203 20160217 20160303 20160317 20160331,20160405 20160419 20160503 20160517 20160531 20160614 20160628 20160712 20160726 20160809 20160823 20160906 20160920 20161004 20161018 20161101 20161115 20161129 20161213 20161227 20160117 20160131 20160214 20160228 20160314 20160328
C,|sEesq{ݑgM[ , ,20160408 20160422 20160506 20160520 20160603 20160617 20160701 20160715 20160729 20160812 20160826 20160909 20160923 20161007 20161021 20161104 20161118 20161202 20161216 20161230 20160120 20160203 20160217 20160303 20160317 20160331,20160405 20160419 20160503 20160517 20160531 20160614 20160628 20160712 20160726 20160809 20160823 20160906 20160920 20161004 20161018 20161101 20161115 20161129 20161213 20161227 20160117 20160131 20160214 20160228 20160314 20160328
C,|sEesq{ݑgM[ , ,20160408 20160422 20160506 20160520 20160603 20160617 20160701 20160715 20160729 20160812 20160826 20160909 20160923 20161007 20161021 20161104 20161118 20161202 20161216 20161230 20160120 20160203 20160217 20160303 20160317 20160331,20160405 20160419 20160503 20160517 20160531 20160614 20160628 20160712 20160726 20160809 20160823 20160906 20160920 20161004 20161018 20161101 20161115 20161129 20161213 20161227 20160117 20160131 20160214 20160228 20160314 20160328
C,|sEesq{ݑgM[ , ,20160408 20160422 20160506 20160520 20160603 20160617 20160701 20160715 20160729 20160812 20160826 20160909 20160923 20161007 20161021 20161104 20161118 20161202 20161216 20161230 20160120 20160203 20160217 20160303 20160317 20160331,20160405 20160419 20160503 20160517 20160531 20160614 20160628 20160712 20160726 20160809 20160823 20160906 20160920 20161004 20161018 20161101 20161115 20161129 20161213 20161227 20160117 20160131 20160214 20160228 20160314 20160328
xm,|sEesq{ݑgM[ , ,20160408 20160422 20160506 20160520 20160603 20160617 20160701 20160715 20160729 20160812 20160826 20160909 20160923 20161007 20161021 20161104 20161118 20161202 20161216 20161230 20160120 20160203 20160217 20160303 20160317 20160331,20160405 20160419 20160503 20160517 20160531 20160614 20160628 20160712 20160726 20160809 20160823 20160906 20160920 20161004 20161018 20161101 20161115 20161129 20161213 20161227 20160117 20160131 20160214 20160228 20160314 20160328
u,|sEesq{ݑgM[ , ,20160414 20160428 20160512 20160526 20160609 20160623 20160707 20160721 20160804 20160818 20160901 20160915 20160929 20161013 20161027 20161110 20161124 20161208 20161222 20160112 20160126 20160209 20160223 20160309 20160323,20160404 20160418 20160502 20160516 20160530 20160613 20160627 20160711 20160725 20160808 20160822 20160905 20160919 20161003 20161017 20161031 20161114 20161128 20161212 20161226 20160116 20160130 20160213 20160227 20160313 20160327 
Ό,|sEesq{ݑgM[ , ,20160414 20160428 20160512 20160526 20160609 20160623 20160707 20160721 20160804 20160818 20160901 20160915 20160929 20161013 20161027 20161110 20161124 20161208 20161222 20160112 20160126 20160209 20160223 20160309 20160323,20160404 20160418 20160502 20160516 20160530 20160613 20160627 20160711 20160725 20160808 20160822 20160905 20160919 20161003 20161017 20161031 20161114 20161128 20161212 20161226 20160116 20160130 20160213 20160227 20160313 20160327 
J,|sEesq{ݑgM[ , ,20160414 20160428 20160512 20160526 20160609 20160623 20160707 20160721 20160804 20160818 20160901 20160915 20160929 20161013 20161027 20161110 20161124 20161208 20161222 20160112 20160126 20160209 20160223 20160309 20160323,20160404 20160418 20160502 20160516 20160530 20160613 20160627 20160711 20160725 20160808 20160822 20160905 20160919 20161003 20161017 20161031 20161114 20161128 20161212 20161226 20160116 20160130 20160213 20160227 20160313 20160327 
g,|sEesq{ݑgM[ , ,20160414 20160428 20160512 20160526 20160609 20160623 20160707 20160721 20160804 20160818 20160901 20160915 20160929 20161013 20161027 20161110 20161124 20161208 20161222 20160112 20160126 20160209 20160223 20160309 20160323,20160404 20160418 20160502 20160516 20160530 20160613 20160627 20160711 20160725 20160808 20160822 20160905 20160919 20161003 20161017 20161031 20161114 20161128 20161212 20161226 20160116 20160130 20160213 20160227 20160313 20160327 
̒J,|sEesq{ݑgM[ , ,20160414 20160428 20160512 20160526 20160609 20160623 20160707 20160721 20160804 20160818 20160901 20160915 20160929 20161013 20161027 20161110 20161124 20161208 20161222 20160112 20160126 20160209 20160223 20160309 20160323,20160404 20160418 20160502 20160516 20160530 20160613 20160627 20160711 20160725 20160808 20160822 20160905 20160919 20161003 20161017 20161031 20161114 20161128 20161212 20161226 20160116 20160130 20160213 20160227 20160313 20160327 
V,|sEesq{ݑgM[ , ,20160414 20160428 20160512 20160526 20160609 20160623 20160707 20160721 20160804 20160818 20160901 20160915 20160929 20161013 20161027 20161110 20161124 20161208 20161222 20160112 20160126 20160209 20160223 20160309 20160323,20160404 20160418 20160502 20160516 20160530 20160613 20160627 20160711 20160725 20160808 20160822 20160905 20160919 20161003 20161017 20161031 20161114 20161128 20161212 20161226 20160116 20160130 20160213 20160227 20160313 20160327 
V,|sEesq{ݑgM[ , ,20160414 20160428 20160512 20160526 20160609 20160623 20160707 20160721 20160804 20160818 20160901 20160915 20160929 20161013 20161027 20161110 20161124 20161208 20161222 20160112 20160126 20160209 20160223 20160309 20160323,20160404 20160418 20160502 20160516 20160530 20160613 20160627 20160711 20160725 20160808 20160822 20160905 20160919 20161003 20161017 20161031 20161114 20161128 20161212 20161226 20160116 20160130 20160213 20160227 20160313 20160327 
{,|sEesq{ݑgM[ , ,20160414 20160428 20160512 20160526 20160609 20160623 20160707 20160721 20160804 20160818 20160901 20160915 20160929 20161013 20161027 20161110 20161124 20161208 20161222 20160112 20160126 20160209 20160223 20160309 20160323,20160404 20160418 20160502 20160516 20160530 20160613 20160627 20160711 20160725 20160808 20160822 20160905 20160919 20161003 20161017 20161031 20161114 20161128 20161212 20161226 20160116 20160130 20160213 20160227 20160313 20160327 
xm,|sEesq{ݑgM[ , ,20160414 20160428 20160512 20160526 20160609 20160623 20160707 20160721 20160804 20160818 20160901 20160915 20160929 20161013 20161027 20161110 20161124 20161208 20161222 20160112 20160126 20160209 20160223 20160309 20160323,20160404 20160418 20160502 20160516 20160530 20160613 20160627 20160711 20160725 20160808 20160822 20160905 20160919 20161003 20161017 20161031 20161114 20161128 20161212 20161226 20160116 20160130 20160213 20160227 20160313 20160327 
ܔ,|sEesq{ݑgM[ , ,20160414 20160428 20160512 20160526 20160609 20160623 20160707 20160721 20160804 20160818 20160901 20160915 20160929 20161013 20161027 20161110 20161124 20161208 20161222 20160112 20160126 20160209 20160223 20160309 20160323,20160404 20160418 20160502 20160516 20160530 20160613 20160627 20160711 20160725 20160808 20160822 20160905 20160919 20161003 20161017 20161031 20161114 20161128 20161212 20161226 20160116 20160130 20160213 20160227 20160313 20160327 
uΑg,|sEesq{ݑgM[ , ,20160414 20160428 20160512 20160526 20160609 20160623 20160707 20160721 20160804 20160818 20160901 20160915 20160929 20161013 20161027 20161110 20161124 20161208 20161222 20160112 20160126 20160209 20160223 20160309 20160323,20160404 20160418 20160502 20160516 20160530 20160613 20160627 20160711 20160725 20160808 20160822 20160905 20160919 20161003 20161017 20161031 20161114 20161128 20161212 20161226 20160116 20160130 20160213 20160227 20160313 20160327 
͓,|sEesq{ݑgM[ , ,20160414 20160428 20160512 20160526 20160609 20160623 20160707 20160721 20160804 20160818 20160901 20160915 20160929 20161013 20161027 20161110 20161124 20161208 20161222 20160112 20160126 20160209 20160223 20160309 20160323,20160407 20160421 20160505 20160519 20160602 20160616 20160630 20160714 20160728 20160811 20160825 20160908 20160922 20161006 20161020 20161103 20161117 20161201 20161215 20160105 20160119 20160202 20160216 20160302 20160316 20160330
͓,|sEesq{ݑgM[ , ,20160414 20160428 20160512 20160526 20160609 20160623 20160707 20160721 20160804 20160818 20160901 20160915 20160929 20161013 20161027 20161110 20161124 20161208 20161222 20160112 20160126 20160209 20160223 20160309 20160323,20160407 20160421 20160505 20160519 20160602 20160616 20160630 20160714 20160728 20160811 20160825 20160908 20160922 20161006 20161020 20161103 20161117 20161201 20161215 20160105 20160119 20160202 20160216 20160302 20160316 20160330
͓,|sEesq{ݑgM[ , ,20160414 20160428 20160512 20160526 20160609 20160623 20160707 20160721 20160804 20160818 20160901 20160915 20160929 20161013 20161027 20161110 20161124 20161208 20161222 20160112 20160126 20160209 20160223 20160309 20160323,20160407 20160421 20160505 20160519 20160602 20160616 20160630 20160714 20160728 20160811 20160825 20160908 20160922 20161006 20161020 20161103 20161117 20161201 20161215 20160105 20160119 20160202 20160216 20160302 20160316 20160330
쒬,|sEesq{ݑgM[ , ,20160414 20160428 20160512 20160526 20160609 20160623 20160707 20160721 20160804 20160818 20160901 20160915 20160929 20161013 20161027 20161110 20161124 20161208 20161222 20160112 20160126 20160209 20160223 20160309 20160323,20160407 20160421 20160505 20160519 20160602 20160616 20160630 20160714 20160728 20160811 20160825 20160908 20160922 20161006 20161020 20161103 20161117 20161201 20161215 20160105 20160119 20160202 20160216 20160302 20160316 20160330
R,|sEesq{ݑgM[ , ,20160414 20160428 20160512 20160526 20160609 20160623 20160707 20160721 20160804 20160818 20160901 20160915 20160929 20161013 20161027 20161110 20161124 20161208 20161222 20160112 20160126 20160209 20160223 20160309 20160323,20160407 20160421 20160505 20160519 20160602 20160616 20160630 20160714 20160728 20160811 20160825 20160908 20160922 20161006 20161020 20161103 20161117 20161201 20161215 20160105 20160119 20160202 20160216 20160302 20160316 20160330
,|sEesq{ݑgM[ , ,20160414 20160428 20160512 20160526 20160609 20160623 20160707 20160721 20160804 20160818 20160901 20160915 20160929 20161013 20161027 20161110 20161124 20161208 20161222 20160112 20160126 20160209 20160223 20160309 20160323,20160407 20160421 20160505 20160519 20160602 20160616 20160630 20160714 20160728 20160811 20160825 20160908 20160922 20161006 20161020 20161103 20161117 20161201 20161215 20160105 20160119 20160202 20160216 20160302 20160316 20160330
,|sEesq{ݑgM[ , ,20160414 20160428 20160512 20160526 20160609 20160623 20160707 20160721 20160804 20160818 20160901 20160915 20160929 20161013 20161027 20161110 20161124 20161208 20161222 20160112 20160126 20160209 20160223 20160309 20160323,20160407 20160421 20160505 20160519 20160602 20160616 20160630 20160714 20160728 20160811 20160825 20160908 20160922 20161006 20161020 20161103 20161117 20161201 20161215 20160105 20160119 20160202 20160216 20160302 20160316 20160330
镔,|sEesq{ݑgM[ , ,20160414 20160428 20160512 20160526 20160609 20160623 20160707 20160721 20160804 20160818 20160901 20160915 20160929 20161013 20161027 20161110 20161124 20161208 20161222 20160112 20160126 20160209 20160223 20160309 20160323,20160407 20160421 20160505 20160519 20160602 20160616 20160630 20160714 20160728 20160811 20160825 20160908 20160922 20161006 20161020 20161103 20161117 20161201 20161215 20160105 20160119 20160202 20160216 20160302 20160316 20160330
j[^E,|sEesq{ݑgM[ , ,20160414 20160428 20160512 20160526 20160609 20160623 20160707 20160721 20160804 20160818 20160901 20160915 20160929 20161013 20161027 20161110 20161124 20161208 20161222 20160112 20160126 20160209 20160223 20160309 20160323,20160407 20160421 20160505 20160519 20160602 20160616 20160630 20160714 20160728 20160811 20160825 20160908 20160922 20161006 20161020 20161103 20161117 20161201 20161215 20160105 20160119 20160202 20160216 20160302 20160316 20160330
,|sEesq{ݑgM[ , ,20160414 20160428 20160512 20160526 20160609 20160623 20160707 20160721 20160804 20160818 20160901 20160915 20160929 20161013 20161027 20161110 20161124 20161208 20161222 20160112 20160126 20160209 20160223 20160309 20160323,20160407 20160421 20160505 20160519 20160602 20160616 20160630 20160714 20160728 20160811 20160825 20160908 20160922 20161006 20161020 20161103 20161117 20161201 20161215 20160105 20160119 20160202 20160216 20160302 20160316 20160330
TCY,|sEesq{ݑgM[ , ,20160414 20160428 20160512 20160526 20160609 20160623 20160707 20160721 20160804 20160818 20160901 20160915 20160929 20161013 20161027 20161110 20161124 20161208 20161222 20160112 20160126 20160209 20160223 20160309 20160323,20160407 20160421 20160505 20160519 20160602 20160616 20160630 20160714 20160728 20160811 20160825 20160908 20160922 20161006 20161020 20161103 20161117 20161201 20161215 20160105 20160119 20160202 20160216 20160302 20160316 20160330
㕽,|sEesq{ݑgM[ , ,20160401 20160415 20160429 20160513 20160527 20160610 20160624 20160708 20160722 20160805 20160819 20160902 20160916 20160930 20161014 20161028 20161111 20161125 20161209 20161223 20160113 20160127 20160210 20160224 20160310 20160324,20160408 20160422 20160506 20160520 20160603 20160617 20160701 20160715 20160729 20160812 20160826 20160909 20160923 20161007 20161021 20161104 20161118 20161202 20161216 20160106 20160120 20160203 20160217 20160303 20160317 20160331
r,|sEesq{ݑgM[ , ,20160401 20160415 20160429 20160513 20160527 20160610 20160624 20160708 20160722 20160805 20160819 20160902 20160916 20160930 20161014 20161028 20161111 20161125 20161209 20161223 20160113 20160127 20160210 20160224 20160310 20160324,20160408 20160422 20160506 20160520 20160603 20160617 20160701 20160715 20160729 20160812 20160826 20160909 20160923 20161007 20161021 20161104 20161118 20161202 20161216 20160106 20160120 20160203 20160217 20160303 20160317 20160331
,|sEesq{ݑgM[ , ,20160401 20160415 20160429 20160513 20160527 20160610 20160624 20160708 20160722 20160805 20160819 20160902 20160916 20160930 20161014 20161028 20161111 20161125 20161209 20161223 20160113 20160127 20160210 20160224 20160310 20160324,20160408 20160422 20160506 20160520 20160603 20160617 20160701 20160715 20160729 20160812 20160826 20160909 20160923 20161007 20161021 20161104 20161118 20161202 20161216 20160106 20160120 20160203 20160217 20160303 20160317 20160331
c,|sEesq{ݑgM[ , ,20160401 20160415 20160429 20160513 20160527 20160610 20160624 20160708 20160722 20160805 20160819 20160902 20160916 20160930 20161014 20161028 20161111 20161125 20161209 20161223 20160113 20160127 20160210 20160224 20160310 20160324,20160408 20160422 20160506 20160520 20160603 20160617 20160701 20160715 20160729 20160812 20160826 20160909 20160923 20161007 20161021 20161104 20161118 20161202 20161216 20160106 20160120 20160203 20160217 20160303 20160317 20160331
c,|sEesq{ݑgM[ , ,20160401 20160415 20160429 20160513 20160527 20160610 20160624 20160708 20160722 20160805 20160819 20160902 20160916 20160930 20161014 20161028 20161111 20161125 20161209 20161223 20160113 20160127 20160210 20160224 20160310 20160324,20160408 20160422 20160506 20160520 20160603 20160617 20160701 20160715 20160729 20160812 20160826 20160909 20160923 20161007 20161021 20161104 20161118 20161202 20161216 20160106 20160120 20160203 20160217 20160303 20160317 20160331
c,|sEesq{ݑgM[ , ,20160401 20160415 20160429 20160513 20160527 20160610 20160624 20160708 20160722 20160805 20160819 20160902 20160916 20160930 20161014 20161028 20161111 20161125 20161209 20161223 20160113 20160127 20160210 20160224 20160310 20160324,20160408 20160422 20160506 20160520 20160603 20160617 20160701 20160715 20160729 20160812 20160826 20160909 20160923 20161007 20161021 20161104 20161118 20161202 20161216 20160106 20160120 20160203 20160217 20160303 20160317 20160331
,|sEesq{ݑgM[ , ,20160401 20160415 20160429 20160513 20160527 20160610 20160624 20160708 20160722 20160805 20160819 20160902 20160916 20160930 20161014 20161028 20161111 20161125 20161209 20161223 20160113 20160127 20160210 20160224 20160310 20160324,20160408 20160422 20160506 20160520 20160603 20160617 20160701 20160715 20160729 20160812 20160826 20160909 20160923 20161007 20161021 20161104 20161118 20161202 20161216 20160106 20160120 20160203 20160217 20160303 20160317 20160331
,|sEesq{ݑgM[ , ,20160401 20160415 20160429 20160513 20160527 20160610 20160624 20160708 20160722 20160805 20160819 20160902 20160916 20160930 20161014 20161028 20161111 20161125 20161209 20161223 20160113 20160127 20160210 20160224 20160310 20160324,20160408 20160422 20160506 20160520 20160603 20160617 20160701 20160715 20160729 20160812 20160826 20160909 20160923 20161007 20161021 20161104 20161118 20161202 20161216 20160106 20160120 20160203 20160217 20160303 20160317 20160331
R,|sEesq{ݑgM[ , ,20160401 20160415 20160429 20160513 20160527 20160610 20160624 20160708 20160722 20160805 20160819 20160902 20160916 20160930 20161014 20161028 20161111 20161125 20161209 20161223 20160113 20160127 20160210 20160224 20160310 20160324,20160408 20160422 20160506 20160520 20160603 20160617 20160701 20160715 20160729 20160812 20160826 20160909 20160923 20161007 20161021 20161104 20161118 20161202 20161216 20160106 20160120 20160203 20160217 20160303 20160317 20160331
z,|sEesq{ݑgM[ , ,20160401 20160415 20160429 20160513 20160527 20160610 20160624 20160708 20160722 20160805 20160819 20160902 20160916 20160930 20161014 20161028 20161111 20161125 20161209 20161223 20160113 20160127 20160210 20160224 20160310 20160324,20160413 20160427 20160511 20160525 20160608 20160622 20160706 20160720 20160803 20160817 20160831 20160914 20160928 20161012 20161026 20161109 20161123 20161207 20161221 20160111 20160125 20160208 20160222 20160308 20160322
O,|sEesq{ݑgM[ , ,20160401 20160415 20160429 20160513 20160527 20160610 20160624 20160708 20160722 20160805 20160819 20160902 20160916 20160930 20161014 20161028 20161111 20161125 20161209 20161223 20160113 20160127 20160210 20160224 20160310 20160324,20160413 20160427 20160511 20160525 20160608 20160622 20160706 20160720 20160803 20160817 20160831 20160914 20160928 20161012 20161026 20161109 20161123 20161207 20161221 20160111 20160125 20160208 20160222 20160308 20160322
ÒJ,|sEesq{ݑgM[ , ,20160401 20160415 20160429 20160513 20160527 20160610 20160624 20160708 20160722 20160805 20160819 20160902 20160916 20160930 20161014 20161028 20161111 20161125 20161209 20161223 20160113 20160127 20160210 20160224 20160310 20160324,20160413 20160427 20160511 20160525 20160608 20160622 20160706 20160720 20160803 20160817 20160831 20160914 20160928 20161012 20161026 20161109 20161123 20161207 20161221 20160111 20160125 20160208 20160222 20160308 20160322
쓌,|sEesq{ݑgM[ , ,20160401 20160415 20160429 20160513 20160527 20160610 20160624 20160708 20160722 20160805 20160819 20160902 20160916 20160930 20161014 20161028 20161111 20161125 20161209 20161223 20160113 20160127 20160210 20160224 20160310 20160324,20160413 20160427 20160511 20160525 20160608 20160622 20160706 20160720 20160803 20160817 20160831 20160914 20160928 20161012 20161026 20161109 20161123 20161207 20161221 20160111 20160125 20160208 20160222 20160308 20160322
쒆,|sEesq{ݑgM[ , ,20160401 20160415 20160429 20160513 20160527 20160610 20160624 20160708 20160722 20160805 20160819 20160902 20160916 20160930 20161014 20161028 20161111 20161125 20161209 20161223 20160113 20160127 20160210 20160224 20160310 20160324,20160413 20160427 20160511 20160525 20160608 20160622 20160706 20160720 20160803 20160817 20160831 20160914 20160928 20161012 20161026 20161109 20161123 20161207 20161221 20160111 20160125 20160208 20160222 20160308 20160322
쐼,|sEesq{ݑgM[ , ,20160401 20160415 20160429 20160513 20160527 20160610 20160624 20160708 20160722 20160805 20160819 20160902 20160916 20160930 20161014 20161028 20161111 20161125 20161209 20161223 20160113 20160127 20160210 20160224 20160310 20160324,20160413 20160427 20160511 20160525 20160608 20160622 20160706 20160720 20160803 20160817 20160831 20160914 20160928 20161012 20161026 20161109 20161123 20161207 20161221 20160111 20160125 20160208 20160222 20160308 20160322
O,|sEesq{ݑgM[ , ,20160401 20160415 20160429 20160513 20160527 20160610 20160624 20160708 20160722 20160805 20160819 20160902 20160916 20160930 20161014 20161028 20161111 20161125 20161209 20161223 20160113 20160127 20160210 20160224 20160310 20160324,20160413 20160427 20160511 20160525 20160608 20160622 20160706 20160720 20160803 20160817 20160831 20160914 20160928 20161012 20161026 20161109 20161123 20161207 20161221 20160111 20160125 20160208 20160222 20160308 20160322
I,|sEesq{ݑgM[ , ,20160401 20160415 20160429 20160513 20160527 20160610 20160624 20160708 20160722 20160805 20160819 20160902 20160916 20160930 20161014 20161028 20161111 20161125 20161209 20161223 20160113 20160127 20160210 20160224 20160310 20160324,20160413 20160427 20160511 20160525 20160608 20160622 20160706 20160720 20160803 20160817 20160831 20160914 20160928 20161012 20161026 20161109 20161123 20161207 20161221 20160111 20160125 20160208 20160222 20160308 20160322
ԓy,|sEesq{ݑgM[ , ,20160401 20160415 20160429 20160513 20160527 20160610 20160624 20160708 20160722 20160805 20160819 20160902 20160916 20160930 20161014 20161028 20161111 20161125 20161209 20161223 20160113 20160127 20160210 20160224 20160310 20160324,20160413 20160427 20160511 20160525 20160608 20160622 20160706 20160720 20160803 20160817 20160831 20160914 20160928 20161012 20161026 20161109 20161123 20161207 20161221 20160111 20160125 20160208 20160222 20160308 20160322
ԓy,|sEesq{ݑgM[ , ,20160401 20160415 20160429 20160513 20160527 20160610 20160624 20160708 20160722 20160805 20160819 20160902 20160916 20160930 20161014 20161028 20161111 20161125 20161209 20161223 20160113 20160127 20160210 20160224 20160310 20160324,20160413 20160427 20160511 20160525 20160608 20160622 20160706 20160720 20160803 20160817 20160831 20160914 20160928 20161012 20161026 20161109 20161123 20161207 20161221 20160111 20160125 20160208 20160222 20160308 20160322
ԓycn,|sEesq{ݑgM[ , ,20160401 20160415 20160429 20160513 20160527 20160610 20160624 20160708 20160722 20160805 20160819 20160902 20160916 20160930 20161014 20161028 20161111 20161125 20161209 20161223 20160113 20160127 20160210 20160224 20160310 20160324,20160413 20160427 20160511 20160525 20160608 20160622 20160706 20160720 20160803 20160817 20160831 20160914 20160928 20161012 20161026 20161109 20161123 20161207 20161221 20160111 20160125 20160208 20160222 20160308 20160322
R,|sEesq{ݑgM[ , ,20160401 20160415 20160429 20160513 20160527 20160610 20160624 20160708 20160722 20160805 20160819 20160902 20160916 20160930 20161014 20161028 20161111 20161125 20161209 20161223 20160113 20160127 20160210 20160224 20160310 20160324,20160413 20160427 20160511 20160525 20160608 20160622 20160706 20160720 20160803 20160817 20160831 20160914 20160928 20161012 20161026 20161109 20161123 20161207 20161221 20160111 20160125 20160208 20160222 20160308 20160322
Ԑ,|sEesq{ݑgM[ , ,20160401 20160415 20160429 20160513 20160527 20160610 20160624 20160708 20160722 20160805 20160819 20160902 20160916 20160930 20161014 20161028 20161111 20161125 20161209 20161223 20160113 20160127 20160210 20160224 20160310 20160324,20160413 20160427 20160511 20160525 20160608 20160622 20160706 20160720 20160803 20160817 20160831 20160914 20160928 20161012 20161026 20161109 20161123 20161207 20161221 20160111 20160125 20160208 20160222 20160308 20160322
